{
  "thr_0_50": {
    "threshold": 0.5,
    "accuracy": 0.6188,
    "f1": 0.5348950707662274,
    "roc_auc": 0.6595275473726754,
    "confusion_matrix": [
      [
        1998,
        651
      ],
      [
        1255,
        1096
      ]
    ],
    "classification_report": {
      "0": {
        "precision": 0.6142022748232401,
        "recall": 0.7542468856172141,
        "f1-score": 0.677058624195188,
        "support": 2649.0
      },
      "1": {
        "precision": 0.6273611906124785,
        "recall": 0.46618460229689496,
        "f1-score": 0.5348950707662274,
        "support": 2351.0
      },
      "accuracy": 0.6188,
      "macro avg": {
        "precision": 0.6207817327178593,
        "recall": 0.6102157439570546,
        "f1-score": 0.6059768474807077,
        "support": 5000.0
      },
      "weighted avg": {
        "precision": 0.62038959702734,
        "recall": 0.6188,
        "f1-score": 0.6102133213728909,
        "support": 5000.0
      }
    }
  },
  "thr_0_35": {
    "threshold": 0.35,
    "accuracy": 0.5576,
    "f1": 0.6483306836248013,
    "roc_auc": 0.6595275473726754,
    "confusion_matrix": [
      [
        749,
        1900
      ],
      [
        312,
        2039
      ]
    ],
    "classification_report": {
      "0": {
        "precision": 0.705937794533459,
        "recall": 0.28274820687051716,
        "f1-score": 0.4037735849056604,
        "support": 2649.0
      },
      "1": {
        "precision": 0.5176440720995177,
        "recall": 0.8672905146746066,
        "f1-score": 0.6483306836248013,
        "support": 2351.0
      },
      "accuracy": 0.5576,
      "macro avg": {
        "precision": 0.6117909333164884,
        "recall": 0.5750193607725619,
        "f1-score": 0.5260521342652309,
        "support": 5000.0
      },
      "weighted avg": {
        "precision": 0.6174020862450198,
        "recall": 0.5576,
        "f1-score": 0.5187643327234005,
        "support": 5000.0
      }
    }
  }
}